Category,Company Loss after prediction,Min Discount for Max Rating,Max Rating,Original Company Loss,Company Revenue Gain
Computers&Accessories|Accessories&Peripherals|Cables&Accessories|Cables|USBCables,3384.3379999999943,0.3619999999999994,4.5,5613.17,2228.832000000006
Computers&Accessories|NetworkingDevices|NetworkAdapters|WirelessUSBAdapters,4145.659200000003,0.38730000000000026,4.5,5163.68,1018.0207999999975
"Electronics|HomeTheater,TV&Video|Accessories|Cables|HDMICables",1267.916999999999,0.34899999999999975,4.4,2304.22,1036.3030000000008
"Electronics|HomeTheater,TV&Video|Televisions|SmartTelevisions",22793.501999999993,0.10739999999999997,4.3,75242.8,52449.29800000001
"Electronics|HomeTheater,TV&Video|Accessories|RemoteControls",8876.677500000013,0.5045000000000007,4.5,12140.74,3264.0624999999873
"Electronics|HomeTheater,TV&Video|Televisions|StandardTelevisions",18423.987200000014,0.47360000000000035,4.3,20534.55,2110.562799999985
"Electronics|HomeTheater,TV&Video|Accessories|TVMounts,Stands&Turntables|TVWall&CeilingMounts",1594.0703999999985,0.28919999999999974,4.3,3035.6299999999997,1441.5596000000012
"Electronics|HomeTheater,TV&Video|Accessories|Cables|RCACables",607.7000000000016,0.5900000000000015,4.4,553.4699999999999,-54.23000000000172
Electronics|HomeAudio|Accessories|SpeakerAccessories|Mounts,693.5,0.73,4.0,693.5,0.0
"Electronics|HomeTheater,TV&Video|Accessories|Cables|OpticalCables",919.8776000000005,0.4168000000000002,4.2,1370.13,450.2523999999996
"Electronics|HomeTheater,TV&Video|Projectors",2665.0,0.41,3.9,2665.0,0.0
Electronics|HomeAudio|Accessories|Adapters,254.15,0.65,4.4,254.15,0.0
"Electronics|HomeTheater,TV&Video|SatelliteEquipment|SatelliteReceivers",1856.678399999998,0.5111999999999994,4.3,1888.1999999999998,31.521600000001854
Computers&Accessories|Accessories&Peripherals|Cables&Accessories|Cables|DVICables,330.55,0.55,4.4,330.55,0.0
"Electronics|HomeTheater,TV&Video|Accessories|Cables|SpeakerCables",198.0,0.5,4.4,198.0,0.0
Electronics|HomeAudio|MediaStreamingDevices|StreamingClients,0.0,0.0,4.5,0.0,0.0
"Electronics|HomeTheater,TV&Video|AVReceivers&Amplifiers",399.59999999999997,0.36,4.0,399.59999999999997,0.0
Electronics|HomeAudio|Speakers|TowerSpeakers,731.0,0.43,3.8,731.0,0.0
"Electronics|HomeTheater,TV&Video|Accessories|3DGlasses",184.23000000000002,0.23,3.5,184.23000000000002,0.0
Electronics|WearableTechnology|SmartWatches,105823.92300000001,0.397,4.3,198561.72,92737.79699999999
Electronics|Mobiles&Accessories|MobileAccessories|Chargers|PowerBanks,3638.860200000002,0.3258000000000002,4.3,5153.0599999999995,1514.1997999999976
Electronics|Accessories|MemoryCards|MicroSD,8500.031999999994,0.49189999999999967,4.5,11089.920000000002,2589.888000000008
Electronics|Mobiles&Accessories|Smartphones&BasicMobiles|BasicMobiles,318.08560000000057,0.14380000000000026,4.0,395.68000000000006,77.5943999999995
"Electronics|Headphones,Earbuds&Accessories|Headphones|In-Ear",11835.7356,0.35879999999999995,4.2,21571.29,9735.5544
Electronics|Mobiles&Accessories|MobileAccessories|Chargers|AutomobileChargers,1735.4975999999997,0.4935999999999999,4.4,2164.02,428.5224000000003
Electronics|Mobiles&Accessories|MobileAccessories|AutomobileAccessories|Cradles,1263.6159999999984,0.4935999999999994,4.0,1730.1,466.4840000000015
Electronics|Mobiles&Accessories|MobileAccessories|Chargers|WallChargers,2076.5704000000032,0.2854000000000005,4.5,3939.42,1862.8495999999968
Electronics|Mobiles&Accessories|Smartphones&BasicMobiles|Smartphones,11115.889199999992,0.09879999999999994,4.2,36594.41,25478.520800000013
Electronics|Mobiles&Accessories|MobileAccessories|Cables&Adapters|OTGAdapters,515.5199999999995,0.7199999999999993,4.3,515.52,4.547473508864641e-13
Electronics|Mobiles&Accessories|MobileAccessories|Photo&VideoAccessories|Tripods,699.6,0.66,3.8,699.6,0.0
Electronics|Mobiles&Accessories|MobileAccessories|Photo&VideoAccessories|SelfieSticks,5077.799999999993,0.6044999999999991,4.6,5436.0,358.2000000000071
Electronics|Mobiles&Accessories|MobileAccessories|Stands,4787.5660000000025,0.7966000000000004,4.5,4781.7,-5.866000000002714
Computers&Accessories|Accessories&Peripherals|Cables&Accessories|CableConnectionProtectors,2430.000000000002,0.9000000000000008,4.1,2430.0,-1.8189894035458565e-12
Electronics|Mobiles&Accessories|MobileAccessories|D�cor,976.6200000000015,0.615000000000001,4.2,1223.28,246.6599999999985
"Electronics|Mobiles&Accessories|MobileAccessories|Maintenance,Upkeep&Repairs|ScreenProtectors",4526.757600000001,0.5624000000000001,4.7,5413.75,886.9923999999992
Electronics|Mobiles&Accessories|MobileAccessories|StylusPens,14235.168000000021,0.632000000000001,4.5,14504.34,269.17199999997865
Electronics|Mobiles&Accessories|MobileAccessories|Mounts|Bedstand&DeskMounts,1611.0,0.75,4.1,1597.0,-14.0
Electronics|Mobiles&Accessories|MobileAccessories|Cases&Covers|BasicCases,2657.117000000003,0.5066000000000006,4.3,3878.7,1221.582999999997
Electronics|Mobiles&Accessories|MobileAccessories|Mounts|HandlebarMounts,864.6,0.66,4.3,864.6,0.0
"Electronics|Headphones,Earbuds&Accessories|Headphones|On-Ear",3102.3761999999974,0.2533999999999998,4.2,7390.82,4288.443800000003
Computers&Accessories|Accessories&Peripherals|LaptopAccessories|CameraPrivacyCovers,46.045999999999985,0.20019999999999993,4.3,177.1,131.054
"Electronics|Headphones,Earbuds&Accessories|Adapters",1547.0399999999993,0.8799999999999996,3.9,1547.04,6.821210263296962e-13
Electronics|Mobiles&Accessories|MobileAccessories|D�cor|PhoneCharms,810.0,0.9,4.4,810.0,0.0
Electronics|Mobiles&Accessories|MobileAccessories|Mounts|Shower&WallMounts,336.2,0.82,4.1,336.2,0.0
Computers&Accessories|ExternalDevices&DataStorage|PenDrives,3164.799599999997,0.3491999999999997,4.3,5451.96,2287.160400000003
"Computers&Accessories|Accessories&Peripherals|Keyboards,Mice&InputDevices|Mice",2173.7230000000036,0.2830000000000005,4.6,3427.51,1253.7869999999966
"Computers&Accessories|Accessories&Peripherals|Keyboards,Mice&InputDevices|GraphicTablets",1924.290199999998,0.2785999999999997,4.4,4442.17,2517.879800000002
Computers&Accessories|Accessories&Peripherals|LaptopAccessories|NotebookComputerStands,2722.500000000002,0.7260000000000005,4.4,2825.5,102.99999999999818
"Computers&Accessories|Accessories&Peripherals|Keyboards,Mice&InputDevices|Keyboards",601.737500000001,0.20930000000000035,4.5,1266.4499999999998,664.7124999999988
MusicalInstruments|Microphones|Condenser,850.8000000000014,0.600000000000001,4.0,788.92,-61.88000000000147
Electronics|GeneralPurposeBatteries&BatteryChargers|DisposableBatteries,31.08599999999996,0.0784999999999999,4.5,70.75999999999999,39.674000000000035
"OfficeProducts|OfficePaperProducts|Paper|Stationery|Pens,Pencils&WritingSupplies|Pens&Refills|GelInkRollerballPens",0.0,0.0,4.3,0.0,0.0
Home&Kitchen|CraftMaterials|Scrapbooking|Tape,7.35,0.21,3.9,7.35,0.0
"Computers&Accessories|Accessories&Peripherals|Keyboards,Mice&InputDevices|Keyboard&MouseSets",1129.428500000001,0.2215000000000002,4.3,1787.03,657.6014999999991
Computers&Accessories|ExternalDevices&DataStorage|ExternalHardDisks,1315.2369999999994,0.2029999999999999,4.5,1597.4,282.1630000000007
Electronics|Cameras&Photography|VideoCameras,1125.0,0.75,3.7,1125.0,0.0
Electronics|Cameras&Photography|Accessories|Tripods&Monopods|Tabletop&TravelTripods,2931.1999999999944,0.7999999999999985,4.4,2831.8700000000003,-99.32999999999402
OfficeProducts|OfficeElectronics|Calculators|Scientific,0.0,0.0,4.5,1.4000000000000001,1.4000000000000001
Computers&Accessories|NetworkingDevices|Repeaters&Extenders,2941.5199999999954,0.44299999999999934,4.2,3924.8999999999996,983.3800000000042
Electronics|Cameras&Photography|Accessories|Tripods&Monopods|TripodLegs,745.2000000000012,0.600000000000001,4.2,777.5,32.29999999999882
"Computers&Accessories|Printers,Inks&Accessories|Inks,Toners&Cartridges|InkjetInkCartridges",17.5812,0.05879999999999999,4.4,49.620000000000005,32.03880000000001
"Computers&Accessories|Accessories&Peripherals|Keyboards,Mice&InputDevices|Keyboard&MiceAccessories|DustCovers",995.2800000000004,0.8700000000000004,3.5,1004.1199999999999,8.839999999999463
Computers&Accessories|Accessories&Peripherals|PCGamingPeripherals|GamingMice,1046.4600000000003,0.2568000000000001,4.6,2265.6,1219.1399999999996
Home&Kitchen|CraftMaterials|PaintingMaterials|Paints,1.8303999999999991,0.028599999999999987,4.5,9.0,7.169600000000001
"Computers&Accessories|Accessories&Peripherals|Keyboards,Mice&InputDevices|Keyboard&MiceAccessories|MousePads",2447.7750000000005,0.5175000000000001,4.5,3067.85,620.0749999999994
Computers&Accessories|Accessories&Peripherals|HardDiskBags,479.59039999999936,0.43519999999999937,4.5,629.12,149.52960000000064
Electronics|Cameras&Photography|Flashes|Macro&RinglightFlashes,720.0,0.6,3.8,720.0,0.0
Computers&Accessories|NetworkingDevices,1512.0600000000002,0.66,4.1,1512.0600000000002,0.0
Computers&Accessories|NetworkingDevices|Routers,4835.165799999998,0.3973999999999998,4.5,5700.58,865.414200000002
"Electronics|Headphones,Earbuds&Accessories|Headphones|Over-Ear",3232.0000000000023,0.6400000000000005,4.1,3417.0,184.99999999999773
Electronics|GeneralPurposeBatteries&BatteryChargers,2.499999999999995,0.09999999999999981,4.4,2.5,4.884981308350689e-15
Computers&Accessories|Accessories&Peripherals|LaptopAccessories|Lapdesks,3847.8905,0.2635,4.4,10411.58,6563.6895
"OfficeProducts|OfficePaperProducts|Paper|Stationery|Notebooks,WritingPads&Diaries|WireboundNotebooks",0.7420000000000004,0.021200000000000014,4.5,3.64,2.8979999999999997
Electronics|GeneralPurposeBatteries&BatteryChargers|RechargeableBatteries,11.440000000000005,0.05200000000000002,4.3,44.0,32.559999999999995
Computers&Accessories|NetworkingDevices|NetworkAdapters|BluetoothAdapters,99.0,0.33,4.3,99.0,0.0
Computers&Accessories|Accessories&Peripherals|Adapters|USBtoUSBAdapters,4657.699999999994,0.9399999999999987,4.3,4580.2,-77.49999999999454
Electronics|Cameras&Photography|Accessories|Tripods&Monopods|CompleteTripodUnits,359.48,0.38,4.4,359.48,0.0
"OfficeProducts|OfficePaperProducts|Paper|Stationery|Notebooks,WritingPads&Diaries|Notepads&MemoBooks",515.25,0.75,4.4,493.15,-22.100000000000023
Electronics|Cameras&Photography|Accessories|Film,0.0,0.0,4.5,0.0,0.0
Computers&Accessories|Monitors,8889.479999999989,0.5399999999999993,4.3,8258.710000000001,-630.7699999999877
Computers&Accessories|Accessories&Peripherals|USBGadgets|Lamps,24.534999999999993,0.03499999999999999,4.3,490.7,466.165
Electronics|HomeAudio|Speakers|BluetoothSpeakers,2686.0968000000003,0.34740000000000004,4.3,4603.44,1917.3431999999993
Electronics|Cameras&Photography|Accessories|Cleaners|CleaningKits,80.0,0.4,4.2,80.0,0.0
Electronics|Cameras&Photography|SecurityCameras|DomeCameras,3216.8797999999942,0.27489999999999953,4.3,6265.259999999999,3048.380200000005
Computers&Accessories|Accessories&Peripherals|TabletAccessories|ScreenProtectors,3520.142999999997,0.7325999999999994,4.5,3369.95,-150.19299999999703
Computers&Accessories|Accessories&Peripherals|PCGamingPeripherals|Gamepads,1588.7868000000021,0.47540000000000066,4.6,1868.69,279.9031999999979
OfficeProducts|OfficeElectronics|Calculators|Basic,0.0,0.0,4.5,0.0,0.0
Computers&Accessories|Accessories&Peripherals|USBHubs,735.7840000000001,0.3754000000000001,4.3,842.69,106.90599999999995
Computers&Accessories|Accessories&Peripherals|Audio&VideoAccessories|PCMicrophones,716.030000000001,0.5300000000000007,3.9,737.03,20.999999999998977
Electronics|HomeAudio|Speakers|OutdoorSpeakers,2151.866000000001,0.5260000000000002,4.1,2249.6,97.73399999999901
Computers&Accessories|Accessories&Peripherals|LaptopAccessories|Bags&Sleeves|LaptopSleeves&Slipcases,2162.285999999999,0.5501999999999998,4.4,2623.3,461.01400000000103
Computers&Accessories|ExternalDevices&DataStorage|ExternalMemoryCardReaders,202.5,0.45,4.3,202.5,0.0
"OfficeProducts|OfficePaperProducts|Paper|Stationery|Pens,Pencils&WritingSupplies|Pens&Refills|BottledInk",0.0,0.0,4.3,1.0,1.0
"OfficeProducts|OfficePaperProducts|Paper|Stationery|Notebooks,WritingPads&Diaries|CompositionNotebooks",2.8215,0.009899999999999999,4.5,65.50999999999999,62.68849999999999
"OfficeProducts|OfficePaperProducts|Paper|Stationery|Pens,Pencils&WritingSupplies|Pens&Refills|RetractableBallpointPens",30.39999999999994,0.19999999999999962,4.3,28.8,-1.599999999999941
Computers&Accessories|Accessories&Peripherals|Cables&Accessories|Cables|EthernetCables,444.1799999999988,0.6599999999999983,4.4,393.29999999999995,-50.87999999999886
Computers&Accessories|Components|Memory,836.92,0.49,4.5,836.92,0.0
Computers&Accessories|Accessories&Peripherals|UninterruptedPowerSupplies,160.20000000000002,0.2,3.9,160.20000000000002,0.0
"Electronics|Headphones,Earbuds&Accessories|Cases",288.8,0.76,4.3,288.8,0.0
Electronics|Accessories|MemoryCards|SecureDigitalCards,154.44,0.44,4.4,154.44,0.0
Electronics|Mobiles&Accessories|MobileAccessories|Photo&VideoAccessories|Flashes&SelfieLights|SelfieLights,915.96,0.51,4.1,915.96,0.0
Computers&Accessories|Accessories&Peripherals|Audio&VideoAccessories|Webcams&VoIPEquipment|Webcams,967.1500000000015,0.23000000000000034,4.3,2515.15,1547.9999999999986
Computers&Accessories|Accessories&Peripherals|LaptopAccessories|CoolingPads,700.0,0.5,4.2,660.0,-40.0
Computers&Accessories|Accessories&Peripherals|LaptopAccessories,480.04,0.44,4.3,480.04,0.0
Computers&Accessories|Accessories&Peripherals|TabletAccessories|Stands,244.99999999999997,0.7,4.1,244.99999999999997,0.0
HomeImprovement|Electrical|Adapters&Multi-Outlets,327.17999999999995,0.57,4.0,327.17999999999995,0.0
OfficeProducts|OfficePaperProducts|Paper|Copy&PrintingPaper|ColouredPaper,0.0,0.0,4.3,0.0,0.0
Computers&Accessories|Components|InternalSolidStateDrives,3111.8934000000036,0.4886000000000006,4.5,3117.5,5.606599999996433
Electronics|HomeAudio|Speakers|MultimediaSpeakerSystems,114.0,0.38,3.9,114.0,0.0
Computers&Accessories|NetworkingDevices|DataCards&Dongles,402.84999999999997,0.35,3.8,402.84999999999997,0.0
Computers&Accessories|Accessories&Peripherals|LaptopAccessories|LaptopChargers&PowerSupplies,2788.879199999999,0.5267999999999998,4.4,3084.65,295.77080000000115
Computers&Accessories|Accessories&Peripherals|Audio&VideoAccessories|PCSpeakers,559.4299999999996,0.42999999999999977,4.1,605.0,45.57000000000039
Electronics|Cameras&Photography|Accessories|Batteries&Chargers|BatteryChargers,25.25,0.25,3.8,25.25,0.0
"Computers&Accessories|Accessories&Peripherals|TabletAccessories|Bags,Cases&Sleeves|Cases",1827.0000000000032,0.6300000000000011,4.3,2119.5,292.4999999999968
"OfficeProducts|OfficePaperProducts|Paper|Stationery|Pens,Pencils&WritingSupplies|Pens&Refills|StickBallpointPens",26.65860000000002,0.16980000000000015,4.3,33.36,6.701399999999978
Home&Kitchen|CraftMaterials|DrawingMaterials|DrawingMedia|Pencils|WoodenPencils,0.0,0.0,4.3,0.0,0.0
Computers&Accessories|Components|InternalHardDrives,640.0,0.8,4.2,640.0,0.0
"Computers&Accessories|Printers,Inks&Accessories|Printers",404.8447120000002,0.16220000000000007,3.9,383.19680000000005,-21.647912000000133
Home&Kitchen|CraftMaterials|DrawingMaterials|DrawingMedia|Pens,1.0,0.1,4.4,1.0,0.0
Computers&Accessories|Accessories&Peripherals|Cables&Accessories|Cables|SATACables,422.5,0.65,3.9,422.5,0.0
Computers&Accessories|Accessories&Peripherals|Audio&VideoAccessories|PCHeadsets,122.49999999999999,0.35,3.5,122.49999999999999,0.0
Computers&Accessories|Accessories&Peripherals|PCGamingPeripherals|GamingKeyboards,1413.982199999999,0.4061999999999997,4.5,1566.96,152.97780000000103
Electronics|HomeAudio|Speakers|SoundbarSpeakers,4500.0,0.6,4.2,4500.0,0.0
"Electronics|Headphones,Earbuds&Accessories|Earpads",810.0,0.9,3.8,810.0,0.0
"Computers&Accessories|Printers,Inks&Accessories|Printers|InkjetPrinters",165.29999999999967,0.09999999999999981,3.8,203.57999999999998,38.280000000000314
Toys&Games|Arts&Crafts|Drawing&PaintingSupplies|ColouringPens&Markers,0.0,0.0,4.3,0.0,0.0
Computers&Accessories|Accessories&Peripherals|PCGamingPeripherals|Headsets,2558.8616000000025,0.40240000000000037,4.3,4306.06,1747.198399999998
Computers&Accessories|ExternalDevices&DataStorage|ExternalSolidStateDrives,14695.480000000001,0.68,4.4,14695.480000000001,0.0
Computers&Accessories|NetworkingDevices|NetworkAdapters|PowerLANAdapters,320.0,0.4,4.5,320.0,0.0
"Computers&Accessories|Printers,Inks&Accessories|Inks,Toners&Cartridges|InkjetInkRefills&Kits",1058.5,0.73,4.3,1058.5,0.0
"OfficeProducts|OfficePaperProducts|Paper|Stationery|Notebooks,WritingPads&Diaries",848.0,0.53,4.3,848.0,0.0
Electronics|Cameras&Photography|Accessories|PhotoStudio&Lighting|PhotoBackgroundAccessories|BackgroundSupports,276.0,0.46,4.3,276.0,0.0
OfficeProducts|OfficeElectronics|Calculators|Financial&Business,0.0,0.0,4.4,0.0,0.0
Electronics|PowerAccessories|SurgeProtectors,29.400000000000002,0.14,4.5,29.400000000000002,0.0
Computers&Accessories|Tablets,3190.0,0.29,4.6,3190.0,0.0
HomeImprovement|Electrical|CordManagement,203.0,0.58,4.5,203.0,0.0
Home&Kitchen|CraftMaterials|PaintingMaterials,0.0,0.0,4.5,0.0,0.0
"Computers&Accessories|Printers,Inks&Accessories|Inks,Toners&Cartridges|TonerCartridges",264.96,0.48,4.1,264.96,0.0
"OfficeProducts|OfficePaperProducts|Paper|Stationery|Pens,Pencils&WritingSupplies|Pens&Refills|LiquidInkRollerballPens",0.9999999999999981,0.09999999999999981,4.2,1.0,1.887379141862766e-15
"OfficeProducts|OfficePaperProducts|Paper|Stationery|Pens,Pencils&WritingSupplies|Pens&Refills|FountainPens",0.0,0.0,4.1,0.0,0.0
Computers&Accessories|Accessories&Peripherals|HardDriveAccessories|Caddies,450.0,0.75,4.1,450.0,0.0
Computers&Accessories|Laptops|TraditionalLaptops,8604.34,0.38,4.0,8604.34,0.0
Home&Kitchen|Kitchen&HomeAppliances|SmallKitchenAppliances|Kettles&HotWaterDispensers|ElectricKettles,1481.2895999999996,0.26319999999999993,4.5,2469.2,987.9104000000002
"Home&Kitchen|Heating,Cooling&AirQuality|RoomHeaters|ElectricHeaters",2406.590544000004,0.29280000000000045,4.3,3081.4089999999997,674.8184559999959
"Home&Kitchen|Heating,Cooling&AirQuality|RoomHeaters|FanHeaters",1285.4247999999984,0.1737999999999998,4.1,2904.4600000000005,1619.035200000002
"Home&Kitchen|Kitchen&HomeAppliances|Vacuum,Cleaning&Ironing|Irons,Steamers&Accessories|LintShavers",1604.8032000000003,0.21840000000000004,4.4,3934.39,2329.5867999999996
Home&Kitchen|Kitchen&HomeAppliances|SmallKitchenAppliances|DigitalKitchenScales,761.9078999999995,0.16889999999999986,4.3,2988.38,2226.472100000001
Home&Kitchen|Kitchen&Dining|KitchenTools|ManualChoppers&Chippers|Choppers,177.6,0.6,4.1,177.6,0.0
Home&Kitchen|Kitchen&HomeAppliances|SmallKitchenAppliances|InductionCooktop,4373.8482,0.3607000000000001,4.2,5182.009999999999,808.161799999999
Home&Kitchen|Kitchen&HomeAppliances|SmallKitchenAppliances|HandBlenders,495.3008000000001,0.08870000000000001,4.7,2124.36,1629.0592000000001
"Home&Kitchen|Kitchen&HomeAppliances|Vacuum,Cleaning&Ironing|Irons,Steamers&Accessories|Irons|DryIrons",969.1164999999985,0.1264999999999998,4.3,3051.8100000000004,2082.693500000002
Home&Kitchen|Kitchen&HomeAppliances|SmallKitchenAppliances|MixerGrinders,11877.817855000007,0.2545000000000001,4.6,22546.931699999997,10669.11384499999
"Home&Kitchen|Heating,Cooling&AirQuality|WaterHeaters&Geysers|InstantWaterHeaters",8463.153600000009,0.3636000000000004,4.8,11268.880000000001,2805.7263999999923
"Home&Kitchen|Heating,Cooling&AirQuality|RoomHeaters",5274.030000000007,0.5300000000000007,4.0,5199.0,-75.03000000000702
Home&Kitchen|Kitchen&HomeAppliances|SmallKitchenAppliances|Kettles&HotWaterDispensers|Kettle&ToasterSets,3357.003600000001,0.3876000000000001,4.2,4522.78,1165.7763999999988
"Home&Kitchen|Heating,Cooling&AirQuality|WaterHeaters&Geysers|StorageWaterHeaters",23080.18559999996,0.3551999999999994,4.4,31334.32,8254.134400000039
"Home&Kitchen|Heating,Cooling&AirQuality|WaterHeaters&Geysers|ImmersionRods",516.5999999999999,0.24599999999999997,4.2,718.13,201.5300000000001
Home&Kitchen|Kitchen&HomeAppliances|SmallKitchenAppliances|DeepFatFryers|AirFryers,9829.393200000004,0.3366000000000002,4.8,16735.370000000003,6905.976799999999
Home&Kitchen|HomeStorage&Organization|LaundryOrganization|LaundryBaskets,731.5782159999994,0.19639999999999985,4.3,2056.2567999999997,1324.6785840000002
"Home&Kitchen|Kitchen&HomeAppliances|Vacuum,Cleaning&Ironing|Irons,Steamers&Accessories|Irons|SteamIrons",1122.6187999999984,0.12919999999999981,4.3,2138.12,1015.5012000000015
Home&Kitchen|Kitchen&HomeAppliances|SmallKitchenAppliances|JuicerMixerGrinders,4225.9519999999975,0.26239999999999986,4.5,6400.83,2174.8780000000024
"Home&Kitchen|Kitchen&HomeAppliances|Vacuum,Cleaning&Ironing|Vacuums&FloorCare|Vacuums|HandheldVacuums",4058.4432000000024,0.22260000000000013,4.1,8959.630000000001,4901.186799999999
Home&Kitchen|Kitchen&HomeAppliances|SmallKitchenAppliances|EggBoilers,3563.093600000004,0.39820000000000044,4.7,4876.710000000001,1313.6163999999972
Home&Kitchen|Kitchen&HomeAppliances|SmallKitchenAppliances|SandwichMakers,569.81,0.09499999999999999,4.3,2880.05,2310.2400000000002
Home&Kitchen|Kitchen&HomeAppliances|SmallKitchenAppliances|MiniFoodProcessors&Choppers,1858.5319999999988,0.2775999999999998,4.4,2974.0299999999997,1115.498000000001
Home&Kitchen|Kitchen&HomeAppliances|SmallKitchenAppliances|DigitalKitchenScales|DigitalScales,329.46999999999997,0.47,4.3,329.46999999999997,0.0
Home&Kitchen|Kitchen&HomeAppliances|SmallKitchenAppliances|VacuumSealers,100.3387,0.1099,4.6,411.28,310.94129999999996
"Home&Kitchen|Heating,Cooling&AirQuality|Fans|CeilingFans",3564.072099999994,0.29569999999999946,4.3,4917.62,1353.547900000006
"Home&Kitchen|Kitchen&HomeAppliances|Vacuum,Cleaning&Ironing|Vacuums&FloorCare|Vacuums|CanisterVacuums",2438.6075000000037,0.29750000000000043,4.4,2773.97,335.3624999999961
"Home&Kitchen|Kitchen&HomeAppliances|Vacuum,Cleaning&Ironing|PressureWashers,Steam&WindowCleaners",5082.773199999995,0.41319999999999957,4.3,5460.469999999999,377.69680000000426
"Home&Kitchen|Heating,Cooling&AirQuality|RoomHeaters|HalogenHeaters",284.20000000000033,0.14000000000000018,3.7,842.2,557.9999999999998
Home&Kitchen|Kitchen&HomeAppliances|SmallKitchenAppliances|Pop-upToasters,70.5744,0.1014,4.5,271.44,200.8656
"Home&Kitchen|Heating,Cooling&AirQuality|RoomHeaters|HeatConvectors",429.52000000000083,0.2600000000000005,3.8,446.74,17.219999999999175
"Home&Kitchen|Kitchen&HomeAppliances|Coffee,Tea&Espresso|CoffeeGrinders|ElectricGrinders",130.05,0.51,3.3,130.05,0.0
"Home&Kitchen|Heating,Cooling&AirQuality|Fans|ExhaustFans",233.95060000000004,0.17420000000000005,4.2,343.84000000000003,109.8894
"Home&Kitchen|Kitchen&HomeAppliances|Coffee,Tea&Espresso|DripCoffeeMachines",572.3594000000008,0.24140000000000036,4.1,933.5300000000001,361.17059999999924
Home&Kitchen|Kitchen&HomeAppliances|WaterPurifiers&Accessories|WaterPurifierAccessories,139.79280000000003,0.04710000000000001,4.3,2062.19,1922.3972
Home&Kitchen|Kitchen&HomeAppliances|WaterPurifiers&Accessories|WaterCartridges,2.305799999999997,0.03779999999999995,4.2,3.03,0.7242000000000028
Home&Kitchen|Kitchen&HomeAppliances|SmallKitchenAppliances|Rice&PastaCookers,1571.1747999999998,0.2588,4.2,1996.31,425.13520000000017
Car&Motorbike|CarAccessories|InteriorAccessories|AirPurifiers&Ionizers,697.62,0.42,3.8,697.62,0.0
"Home&Kitchen|Kitchen&HomeAppliances|Vacuum,Cleaning&Ironing|Vacuums&FloorCare|Vacuums|Wet-DryVacuums",7738.0569000000005,0.3063,4.2,11678.62,3940.5631000000003
"Home&Kitchen|Heating,Cooling&AirQuality|AirPurifiers|HEPAAirPurifiers",15585.274000000009,0.25640000000000013,4.4,39582.39,23997.11599999999
Home&Kitchen|Kitchen&HomeAppliances|WaterPurifiers&Accessories|WaterFilters&Purifiers,1996.2587000000008,0.04910000000000002,4.4,17354.46,15358.201299999999
Home&Kitchen|HomeStorage&Organization|LaundryOrganization|LaundryBags,287.4,0.6,4.2,287.4,0.0
Home&Kitchen|Kitchen&HomeAppliances|SewingMachines&Accessories|Sewing&EmbroideryMachines,2501.5994999999966,0.4404999999999994,4.3,2034.8999999999999,-466.69949999999676
Home&Kitchen|HomeStorage&Organization|LaundryOrganization|IroningAccessories|SprayBottles,82.88,0.36999999999999994,4.2,105.67999999999999,22.799999999999997
Home&Kitchen|Kitchen&HomeAppliances|SmallKitchenAppliances|HandMixers,590.840400000001,0.30440000000000045,4.4,876.8,285.959599999999
Home&Kitchen|Kitchen&HomeAppliances|SmallKitchenAppliances|Mills&Grinders|WetGrinders,614.3185999999987,0.28999999999999937,3.9,521.3186000000001,-92.99999999999864
Home&Kitchen|Kitchen&HomeAppliances|SmallKitchenAppliances|OvenToasterGrills,104.40000000000018,0.15000000000000024,4.4,60.84,-43.56000000000017
Home&Kitchen|Kitchen&HomeAppliances|SmallKitchenAppliances|Juicers,1174.8800000000015,0.28000000000000036,4.3,2007.88,832.9999999999986
Home&Kitchen|Kitchen&HomeAppliances|SmallKitchenAppliances,659.49,0.39,4.4,659.49,0.0
Health&PersonalCare|HomeMedicalSupplies&Equipment|HealthMonitors|WeighingScales|DigitalBathroomScales,530.53,0.53,4.0,530.53,0.0
"Home&Kitchen|Kitchen&HomeAppliances|Coffee,Tea&Espresso|EspressoMachines",169.32000000000002,0.17,3.9,169.32000000000002,0.0
"Home&Kitchen|Heating,Cooling&AirQuality|Fans|TableFans",1013.9299999999985,0.40999999999999936,4.1,1049.9499999999998,36.020000000001346
"Home&Kitchen|Kitchen&HomeAppliances|Coffee,Tea&Espresso|MilkFrothers",256.3679999999997,0.3051999999999997,4.1,326.9,70.53200000000027
"Home&Kitchen|Heating,Cooling&AirQuality|Humidifiers",1615.230000000001,0.3930000000000002,4.3,1674.2399999999998,59.009999999998854
Home&Kitchen|Kitchen&HomeAppliances|SmallKitchenAppliances|SmallApplianceParts&Accessories|StandMixerAccessories,0.0,0.0,4.3,0.0,0.0
"Home&Kitchen|Kitchen&HomeAppliances|Vacuum,Cleaning&Ironing|Vacuums&FloorCare|Vacuums|RoboticVacuums",22790.00000000003,0.5300000000000007,4.4,21030.0,-1760.000000000029
Home&Kitchen|Kitchen&HomeAppliances|SmallKitchenAppliances|YogurtMakers,389.40000000000003,0.55,4.1,389.40000000000003,0.0
Home&Kitchen|Kitchen&HomeAppliances|SmallKitchenAppliances|Juicers|ColdPressJuicers,5353.299999999999,0.47,4.4,5353.299999999999,0.0
"Home&Kitchen|Heating,Cooling&AirQuality|AirConditioners|Split-SystemAirConditioners",14190.0,0.43,4.3,14190.0,0.0
Home&Kitchen|Kitchen&HomeAppliances|SmallKitchenAppliances|SmallApplianceParts&Accessories,4.72,0.08,4.5,4.72,0.0
Home&Kitchen|Kitchen&HomeAppliances|SmallKitchenAppliances|WaffleMakers&Irons,1737.9109999999996,0.5109999999999998,4.2,1810.5,72.5890000000004
"Home&Kitchen|Kitchen&HomeAppliances|Coffee,Tea&Espresso|StovetopEspressoPots",378.0,0.54,4.2,378.0,0.0
"Home&Kitchen|Kitchen&HomeAppliances|Coffee,Tea&Espresso|CoffeeMakerAccessories|MeasuringSpoons",435.0726000000002,0.5198000000000003,4.3,484.44,49.367399999999805
"Home&Kitchen|Kitchen&HomeAppliances|Coffee,Tea&Espresso|CoffeePresses",108.27000000000001,0.27,4.5,108.27000000000001,0.0
Home&Kitchen|Kitchen&HomeAppliances|SmallKitchenAppliances|RotiMakers,330.0,0.33,4.4,330.0,0.0
"Home&Kitchen|Heating,Cooling&AirQuality|Parts&Accessories|FanParts&Accessories",584.6899999999999,0.59,4.1,584.6899999999999,0.0
Home&Kitchen|Kitchen&HomeAppliances|SmallKitchenAppliances|StandMixers,2638.08,0.48,4.3,2638.08,0.0
"Home&Kitchen|Heating,Cooling&AirQuality|Fans|PedestalFans",526.864,0.4,4.1,526.864,0.0
"Home&Kitchen|Kitchen&HomeAppliances|Vacuum,Cleaning&Ironing|Vacuums&FloorCare|VacuumAccessories|VacuumBags|HandheldBags",121.03,0.49,4.3,121.03,0.0
